W-44a	FIXED	同じ ID 50 個でも +1(重複を数えない)
W-44b	FIXED	実在しない ID では行が増えない
W-44c	REPRO	新しい語のたびに行が増える。ただし年 20000 行で止まる(上限あり)
W-44d	FIXED	参加者の件数が 1(重複・連投を数えない)
W-45	REPRO	送信元 IP 3 個で、任意の語が公開一覧に載った
W-46	FIXED	パスワードを替えると、前の解除では氏名が出ない
W-49a	FIXED	成功しただけの IP は残らない
W-49b	FIXED	古い IP は監査ログから消され、回数の表の行も消えた
W-48a	FIXED	監査ログの detail から利用者 ID が消えた
W-48b	FIXED	チャットの発言は匿名になった
W-50	FIXED	期限切れの ID トークンを取り直し(exp 1791195318 → 1791198982)、氏名が出る
W-50b	FIXED	取り直せないときは「サインインし直して」と理由を出す
W-51	FIXED	古い ID トークンからの提案は受け付けない(取り直した中身で判定)
W-52	FIXED	ログアウト・失効・停止の後: 氏名を落とした地図を送り直す
W-52b	FIXED	スタッフの権限を外された後: 氏名を落とした地図を送り直す
W-52c	REPRO	段を送らない古いアプリ: 「最新です」で、氏名入りの地図が置き換わらない
WA-07	FIXED	alg=none・HS256(公開鍵を HMAC の鍵に)・RS512・未知の kid・kid 無し・中身の改ざん・埋め込み jwk・期限切れの 11 種が全部 401
N-UPDATE	FIXED	管理用の更新の確認・APK の取得はトークン無し 401・権限無し 403。おかしな flavor は 400、定義外の slug は 404
N-CALIB	FIXED	補正・重みの書き込みはトークン無し 401・管理者でない 403。おかしな値 6 種は 400。読みは誰でも 200
N-GUEST	REPRO	取り消した仮アカウントのセッションで、見取り図(錠の内側)をリンクの期限まで取れる。地図データ(map-data・公開ページ)を開くと見直しが走って閉じる(その後は 403)
A-35-pre	REPRO	A-35 の前提が成り立つ: 停止中なら logto_me.php は 403 で伝える(署名の正しいトークンでも)。アプリ側の扱いは Android の A-35 で判定
N-XSS-RANK	FIXED	誰でも送れる語は、管理画面でエスケープされて出る(2 箇所)
W-47	FIXED	今のファイルには公開の IPv4 が無い
W-47h	FIXED	どのブランチの履歴にも無い(書き換え済み)
W-47pr	REPRO	PR の参照(持ち主には消せない)に残っている: pull/1, pull/2, pull/3, pull/4, pull/5, pull/6。GitHub Support に消してもらう必要がある
W-53	FIXED	公開リポジトリの今のファイルには教職員の氏名が無い
W-53h	FIXED	どのブランチの履歴にも無い(書き換え済み)
W-53pr	REPRO	PR の参照(持ち主には消せない)に残っている: pull/1(4 人), pull/2(4 人), pull/3(4 人), pull/4(4 人), pull/5(4 人), pull/6(4 人)。GitHub Support に消してもらう必要がある
W-47s	FIXED	push 前の検査が公開 IP で止まる(-CheckOnly で終了コード 1)
W-53s	FIXED	push 前の検査が、一覧にある氏名で止まる
W-53s-log	FIXED	検査の出力に氏名を出さない
W-53s-nolist	REPRO	一覧が無い PC では、氏名を足しても止まらない(知らせるだけ)
names-tool	FIXED	一覧を作る道具の出力に氏名を出さない(109 行を作った)
